1.png;7.png;2.png;9.png;4.png;8.png;6.png;3.png;5.png
5.png;1.png;4.png;6.png;2.png;9.png;7.png;3.png;8.png
9.png;4.png;6.png;1.png;7.png;3.png;8.png;5.png;2.png
1.png;5.png;7.png;3.png;8.png;4.png;9.png;6.png;2.png
4.png;9.png;5.png;3.png;6.png;2.png;8.png;1.png;7.png
3.png;8.png;4.png;7.png;5.png;1.png;6.png;2.png;9.png
6.png;1.png;3.png;7.png;9.png;4.png;2.png;8.png;5.png
5.png;9.png;2.png;8.png;3.png;6.png;1.png;7.png;4.png
8.png;2.png;5.png;3.png;9.png;7.png;1.png;6.png;4.png
8.png;4.png;9.png;6.png;1.png;7.png;2.png;5.png;3.png
6.png;2.png;7.png;5.png;9.png;3.png;8.png;4.png;1.png
7.png;2.png;6.png;1.png;5.png;8.png;3.png;9.png;4.png
2.png;6.png;9.png;5.png;7.png;1.png;4.png;8.png;3.png
2.png;7.png;3.png;6.png;1.png;5.png;9.png;4.png;8.png
7.png;4.png;8.png;3.png;6.png;2.png;5.png;1.png;9.png
4.png;8.png;1.png;9.png;7.png;3.png;5.png;2.png;6.png
9.png;1.png;5.png;8.png;2.png;6.png;3.png;7.png;4.png
3.png;6.png;8.png;2.png;4.png;7.png;5.png;9.png;1.png
